"product_id","total_sales","avg_rating","highest_sale"
9,"63.96","4.3000000000000000","63.96"
3,"210.75","4.2000000000000000","210.75"
5,"79.99","4.7000000000000000","79.99"
4,"200.00","3.6000000000000000","150.00"
10,"51.00","3.9000000000000000","51.00"
6,"29.98","4.9000000000000000","29.98"
2,"335.23","4.3000000000000000","259.98"
7,"19.99","3.5000000000000000","19.99"
1,"144.60","4.5500000000000000","120.50"
8,"119.97","4.1000000000000000","119.97"
